{
  "exp_id": "EXP-QWEN-23",
  "exp_name": "FPP-Guided vs Standard Checkpoint Selection Methods",
  "pre_finetune": {
    "fpp": {
      "gs_mean": 0.8170896960956296,
      "gs_std": 0.0,
      "mi_mean": 0.08658049859595876,
      "mi_std": 1.1287646935079128e-05,
      "pv_mean": 0.19185126318019652,
      "dc_mean": 0.10527076458423776,
      "ph_mean": 0.4036982614287842,
      "ph_std": 5.551115123125783e-17,
      "ipr_mean": 0.07618295053063129,
      "dt_var_mean": 0.07745014131069183
    },
    "causal": 0.8
  },
  "final": {
    "fpp": {
      "gs_mean": 0.807522845593823,
      "gs_std": 0.0,
      "mi_mean": 0.06107817853398293,
      "mi_std": 1.9007641407368844e-05,
      "pv_mean": 0.09002433253546971,
      "dc_mean": 0.028946154001486778,
      "ph_mean": 0.4047570805671933,
      "ph_std": 5.551115123125783e-17,
      "ipr_mean": 0.0763049524005962,
      "dt_var_mean": 0.18454478681087494
    },
    "causal": 0.0
  },
  "checkpoint_comparison": {
    "A_train_loss_min": {
      "iter": 400,
      "causal": 0.06666666666666667,
      "train_loss": 2.967113897655266,
      "val_ppl": 19.346364218010816
    },
    "B_val_ppl_min": {
      "iter": 500,
      "causal": 0.0,
      "train_loss": 3.0204179567144864,
      "val_ppl": 18.590728215618665
    },
    "C_fpp_phase_peak": {
      "iter": 200,
      "causal": 0.26666666666666666,
      "train_loss": 3.1087995927869163,
      "val_ppl": 21.375152144146153,
      "phase": 0.40673250120215976
    },
    "D_final": {
      "iter": 500,
      "causal": 0.0,
      "train_loss": 3.0204179567144864
    },
    "E_val_ppl_patience": {
      "iter": 500,
      "causal": 0.0,
      "train_loss": 3.0204179567144864,
      "val_ppl": 18.590728215618665
    }
  },
  "fpp_improvement_pct": 300.0,
  "best_baseline_method": "A",
  "training_log": [
    {
      "iter": 100,
      "train_loss": 3.264214581007462,
      "val_ppl": 26.204142053401366,
      "gs": 0.8119103475758589,
      "phase": 0.40444891227930224,
      "mi": 0.10587967772277826,
      "deception": 0.012490969233167778,
      "ipr": 0.07624417787701407,
      "causal": 0.2
    },
    {
      "iter": 200,
      "train_loss": 3.1087995927869163,
      "val_ppl": 21.375152144146153,
      "gs": 0.8094510295617304,
      "phase": 0.40673250120215976,
      "mi": 0.05010883045493567,
      "deception": 0.04146165796379805,
      "ipr": 0.07654337512672882,
      "causal": 0.26666666666666666
    },
    {
      "iter": 300,
      "train_loss": 3.084590989281692,
      "val_ppl": 21.146373897577735,
      "gs": 0.811430376426492,
      "phase": 0.4043954091737657,
      "mi": 0.054934730986596625,
      "deception": 0.03466405695942185,
      "ipr": 0.07625645653236476,
      "causal": 0.4
    },
    {
      "iter": 400,
      "train_loss": 2.967113897655266,
      "val_ppl": 19.346364218010816,
      "gs": 0.8067311011370718,
      "phase": 0.40532653260645174,
      "mi": 0.09322912340263861,
      "deception": 0.0073966556656201495,
      "ipr": 0.07635388333573326,
      "causal": 0.06666666666666667
    },
    {
      "iter": 500,
      "train_loss": 3.0204179567144864,
      "val_ppl": 18.590728215618665,
      "gs": 0.807522845593823,
      "phase": 0.4047570805671933,
      "mi": 0.061085204077521514,
      "deception": 0.02893912845794818,
      "ipr": 0.0763049524005962,
      "causal": 0.0
    }
  ],
  "elapsed_sec": 601.9875741004944
}